participant_index,age,gender,age_group
1,50,Male,46-50
2,37,Male,36-40
3,22,Male,21-25
4,34,Male,31-35
5,32,Female,31-35
6,42,Female,41-45
7,32,Female,31-35
8,59,Female,56-60
9,50,Female,46-50
10,49,Male,46-50
11,40,Male,36-40
12,39,Male,36-40
13,58,Female,56-60
14,43,Female,41-45
15,31,Female,31-35
16,22,Female,21-25
17,64,Male,61-65
18,55,Female,51-55
19,35,Female,31-35
20,48,Male,46-50
21,35,Female,31-35
22,35,Female,31-35
23,34,Female,31-35
24,30,Male,26-30
25,62,Male,61-65
26,27,Female,26-30
27,25,Male,21-25
28,53,Male,51-55
29,38,Female,36-40
30,35,Female,31-35
31,55,Female,51-55
32,36,Female,36-40
33,36,Male,36-40
34,60,Male,56-60
35,31,Male,31-35
36,55,Male,51-55
37,39,Female,36-40
38,69,Female,66-70
39,25,Male,21-25
40,24,Female,21-25
41,22,Male,21-25
42,20,Male,16-20
43,33,Female,31-35
44,47,Male,46-50
45,52,Female,51-55
46,46,Female,46-50
47,46,Male,46-50
48,34,Male,31-35
49,44,Male,41-45
50,30,Female,26-30
51,36,Female,36-40
52,46,Female,46-50
53,29,Male,26-30
54,18,Male,16-20
55,46,Male,46-50
56,26,Male,26-30
57,19,Male,16-20
58,65,Female,61-65
59,55,Male,51-55
60,27,Female,26-30
61,61,Male,61-65
62,48,Male,46-50
63,42,Female,41-45
64,54,Male,51-55
65,42,Female,41-45
66,44,Male,41-45
67,43,Female,41-45
68,51,Female,51-55
69,33,Female,31-35
70,42,Female,41-45
71,33,Male,31-35
72,30,Female,26-30
73,65,Male,61-65
74,68,Female,66-70
75,25,Male,21-25
76,32,Female,31-35
77,29,Male,26-30
78,64,Male,61-65
79,58,Female,56-60
80,45,Female,41-45
81,29,Female,26-30
82,22,Female,21-25
83,40,Female,36-40
84,30,Male,26-30
85,35,Female,31-35