index,participant_index,age,gender,timezone,t_start,t_end,t_duration,h_start,h_end,h_duration
1,1,50,"Male",1,1784018364763,1784018607209,242.446,"2026-07-14 08:39:24","2026-07-14 08:43:27","4m 2s"
2,2,37,"Male",1,1784017141503,1784017383037,241.534,"2026-07-14 08:19:01","2026-07-14 08:23:03","4m 2s"
3,3,22,"Male",-7,1784017671716,1784017924413,252.697,"2026-07-14 08:27:51","2026-07-14 08:32:04","4m 13s"
4,4,34,"Male",1,1784018593492,1784018820055,226.563,"2026-07-14 08:43:13","2026-07-14 08:47:00","3m 47s"
5,5,32,"Female",1,1784019441649,1784019629875,188.226,"2026-07-14 08:57:21","2026-07-14 09:00:29","3m 8s"
6,6,42,"Female",-5,1784017692383,1784018288875,596.492,"2026-07-14 08:28:12","2026-07-14 08:38:08","9m 56s"
7,7,32,"Female",-5,1784019465108,1784019848025,382.917,"2026-07-14 08:57:45","2026-07-14 09:04:08","6m 23s"
8,8,59,"Female",1,1784019610969,1784019976753,365.784,"2026-07-14 09:00:10","2026-07-14 09:06:16","6m 6s"
9,9,50,"Female",1,1784017289678,1784017674185,384.507,"2026-07-14 08:21:29","2026-07-14 08:27:54","6m 25s"
10,10,49,"Male",-7,1784018046701,1784018437487,390.786,"2026-07-14 08:34:06","2026-07-14 08:40:37","6m 31s"
11,11,40,"Male",10,1784018733951,1784019045144,311.193,"2026-07-14 08:45:33","2026-07-14 08:50:45","5m 11s"
12,12,39,"Male",1,1784017868654,1784018121353,252.699,"2026-07-14 08:31:08","2026-07-14 08:35:21","4m 13s"
13,13,58,"Female",-5,1784017634803,1784018103957,469.154,"2026-07-14 08:27:14","2026-07-14 08:35:03","7m 49s"
14,14,43,"Female",1,1784019449310,1784019739526,290.216,"2026-07-14 08:57:29","2026-07-14 09:02:19","4m 50s"
15,15,31,"Female",-4,1784019410112,1784019622047,211.935,"2026-07-14 08:56:50","2026-07-14 09:00:22","3m 32s"
16,16,22,"Female",1,1784017398970,1784017876117,477.147,"2026-07-14 08:23:18","2026-07-14 08:31:16","7m 57s"
17,17,64,"Male",1,1784018682360,1784019010108,327.748,"2026-07-14 08:44:42","2026-07-14 08:50:10","5m 28s"
18,18,55,"Female",1,1784018933308,1784019180054,246.746,"2026-07-14 08:48:53","2026-07-14 08:53:00","4m 7s"
19,19,35,"Female",1,1784019940276,1784020260430,320.154,"2026-07-14 09:05:40","2026-07-14 09:11:00","5m 20s"
20,20,48,"Male",-4,1784018752268,1784019205023,452.755,"2026-07-14 08:45:52","2026-07-14 08:53:25","7m 33s"
21,21,35,"Female",10,1784018297523,1784018705217,407.694,"2026-07-14 08:38:17","2026-07-14 08:45:05","6m 48s"
22,22,35,"Female",-6,1784019316535,1784019897661,581.126,"2026-07-14 08:55:16","2026-07-14 09:04:57","9m 41s"
23,23,34,"Female",1,1784017890936,1784018056892,165.956,"2026-07-14 08:31:30","2026-07-14 08:34:16","2m 46s"
24,24,30,"Male",-5,1784019174497,1784019404633,230.136,"2026-07-14 08:52:54","2026-07-14 08:56:44","3m 50s"
25,25,62,"Male",1,1784020148248,1784020527187,378.939,"2026-07-14 09:09:08","2026-07-14 09:15:27","6m 19s"
26,26,27,"Female",-4,1784017475431,1784017722449,247.018,"2026-07-14 08:24:35","2026-07-14 08:28:42","4m 7s"
27,27,25,"Male",10,1784018316831,1784018718196,401.365,"2026-07-14 08:38:36","2026-07-14 08:45:18","6m 41s"
28,28,53,"Male",1,1784018764170,1784018991971,227.801,"2026-07-14 08:46:04","2026-07-14 08:49:51","3m 48s"
29,29,38,"Female",1,1784018340788,1784018726772,385.984,"2026-07-14 08:39:00","2026-07-14 08:45:26","6m 26s"
30,30,35,"Female",1,1784018173336,1784018415760,242.424,"2026-07-14 08:36:13","2026-07-14 08:40:15","4m 2s"
31,31,55,"Female",1,1784018752594,1784019048096,295.502,"2026-07-14 08:45:52","2026-07-14 08:50:48","4m 56s"
32,32,36,"Female",1,1784019148608,1784019402507,253.899,"2026-07-14 08:52:28","2026-07-14 08:56:42","4m 14s"
33,33,36,"Male",1,1784018476798,1784018835393,358.595,"2026-07-14 08:41:16","2026-07-14 08:47:15","5m 59s"
34,34,60,"Male",1,1784020150779,1784021069701,918.922,"2026-07-14 09:09:10","2026-07-14 09:24:29","15m 19s"
35,35,31,"Male",-6,1784018067303,1784018661206,593.903,"2026-07-14 08:34:27","2026-07-14 08:44:21","9m 54s"
36,36,55,"Male",1,1784017754186,1784018072292,318.106,"2026-07-14 08:29:14","2026-07-14 08:34:32","5m 18s"
37,37,39,"Female",1,1784018858451,1784019150205,291.754,"2026-07-14 08:47:38","2026-07-14 08:52:30","4m 52s"
38,38,69,"Female",1,1784019930143,1784020421971,491.828,"2026-07-14 09:05:30","2026-07-14 09:13:41","8m 12s"
39,39,25,"Male",1,1784019071122,1784019280858,209.736,"2026-07-14 08:51:11","2026-07-14 08:54:40","3m 30s"
40,40,24,"Female",-7,1784018892054,1784019154196,262.142,"2026-07-14 08:48:12","2026-07-14 08:52:34","4m 22s"
41,41,22,"Male",-5,1784019377351,1784019729372,352.021,"2026-07-14 08:56:17","2026-07-14 09:02:09","5m 52s"
42,42,20,"Male",1,1784020021406,1784020342019,320.613,"2026-07-14 09:07:01","2026-07-14 09:12:22","5m 21s"
43,43,33,"Female",1,1784019617253,1784019790038,172.785,"2026-07-14 09:00:17","2026-07-14 09:03:10","2m 53s"
44,44,47,"Male",1,1784020628279,1784021170722,542.443,"2026-07-14 09:17:08","2026-07-14 09:26:10","9m 2s"
45,45,52,"Female",1,1784018556429,1784018896563,340.134,"2026-07-14 08:42:36","2026-07-14 08:48:16","5m 40s"
46,46,46,"Female",1,1784019645759,1784019896372,250.613,"2026-07-14 09:00:45","2026-07-14 09:04:56","4m 11s"
47,47,46,"Male",-4,1784020041879,1784020268005,226.126,"2026-07-14 09:07:21","2026-07-14 09:11:08","3m 46s"
48,48,34,"Male",1,1784018883292,1784019223377,340.085,"2026-07-14 08:48:03","2026-07-14 08:53:43","5m 40s"
49,49,44,"Male",1,1784017923557,1784018321497,397.94,"2026-07-14 08:32:03","2026-07-14 08:38:41","6m 38s"
50,50,30,"Female",-5,1784019233084,1784019453606,220.522,"2026-07-14 08:53:53","2026-07-14 08:57:33","3m 41s"
51,51,36,"Female",1,1784019970601,1784020422461,451.86,"2026-07-14 09:06:10","2026-07-14 09:13:42","7m 32s"
52,52,46,"Female",1,1784020665157,1784021081279,416.122,"2026-07-14 09:17:45","2026-07-14 09:24:41","6m 56s"
53,53,29,"Male",1,1784019273077,1784019565481,292.404,"2026-07-14 08:54:33","2026-07-14 08:59:25","4m 52s"
54,54,18,"Male",1,1784018000583,1784018249126,248.543,"2026-07-14 08:33:20","2026-07-14 08:37:29","4m 9s"
55,55,46,"Male",1,1784018881868,1784019301880,420.012,"2026-07-14 08:48:01","2026-07-14 08:55:01","7m 0s"
56,56,26,"Male",-6,1784019479298,1784019737742,258.444,"2026-07-14 08:57:59","2026-07-14 09:02:17","4m 18s"
58,58,65,"Female",1,1784021033019,1784021390915,357.896,"2026-07-14 09:23:53","2026-07-14 09:29:50","5m 58s"
59,59,55,"Male",-5,1784021972525,1784022311109,338.584,"2026-07-14 09:39:32","2026-07-14 09:45:11","5m 39s"
60,60,27,"Female",1,1784018447338,1784018696563,249.225,"2026-07-14 08:40:47","2026-07-14 08:44:56","4m 9s"
61,61,61,"Male",1,1784019759131,1784020007549,248.418,"2026-07-14 09:02:39","2026-07-14 09:06:47","4m 8s"
62,62,48,"Male",1,1784021025730,1784021265802,240.072,"2026-07-14 09:23:45","2026-07-14 09:27:45","4m 0s"
63,63,42,"Female",-7,1784019942181,1784020224499,282.318,"2026-07-14 09:05:42","2026-07-14 09:10:24","4m 42s"
64,64,54,"Male",1,1784019440562,1784019748616,308.054,"2026-07-14 08:57:20","2026-07-14 09:02:28","5m 8s"
65,65,42,"Female",1,1784020199862,1784020412780,212.918,"2026-07-14 09:09:59","2026-07-14 09:13:32","3m 33s"
66,66,44,"Male",9.5,1784022890431,1784023202234,311.803,"2026-07-14 09:54:50","2026-07-14 10:00:02","5m 12s"
67,67,43,"Female",-4,1784020661894,1784020970879,308.985,"2026-07-14 09:17:41","2026-07-14 09:22:50","5m 9s"
68,68,51,"Female",1,1784020814999,1784021007425,192.426,"2026-07-14 09:20:14","2026-07-14 09:23:27","3m 12s"
69,69,33,"Female",1,1784020299208,1784020544767,245.559,"2026-07-14 09:11:39","2026-07-14 09:15:44","4m 6s"
70,70,42,"Female",-4,1784020362986,1784020967858,604.872,"2026-07-14 09:12:42","2026-07-14 09:22:47","10m 5s"
71,71,33,"Male",1,1784022161744,1784022545090,383.346,"2026-07-14 09:42:41","2026-07-14 09:49:05","6m 23s"
72,72,30,"Female",-4,1784025710358,1784025841006,130.648,"2026-07-14 10:41:50","2026-07-14 10:44:01","2m 11s"
73,73,65,"Male",1,1784025979063,1784026390125,411.062,"2026-07-14 10:46:19","2026-07-14 10:53:10","6m 51s"
74,74,68,"Female",1,1784025840153,1784026155277,315.124,"2026-07-14 10:44:00","2026-07-14 10:49:15","5m 15s"
75,75,25,"Male",-5,1784025232572,1784025519235,286.663,"2026-07-14 10:33:52","2026-07-14 10:38:39","4m 47s"
76,76,32,"Female",10,1784027353048,1784027686242,333.194,"2026-07-14 11:09:13","2026-07-14 11:14:46","5m 33s"
77,77,29,"Male",-4,1784028820355,1784029074759,254.404,"2026-07-14 11:33:40","2026-07-14 11:37:54","4m 14s"
78,78,64,"Male",1,1784028771492,1784029083161,311.669,"2026-07-14 11:32:51","2026-07-14 11:38:03","5m 12s"
79,79,58,"Female",-6,1784092148884,1784092720086,571.202,"2026-07-15 05:09:08","2026-07-15 05:18:40","9m 31s"
80,80,45,"Female",-4,1784093202364,1784093943053,740.689,"2026-07-15 05:26:42","2026-07-15 05:39:03","12m 21s"
81,81,29,"Female",-5,1784093646951,1784093945560,298.609,"2026-07-15 05:34:06","2026-07-15 05:39:05","4m 59s"
82,82,22,"Female",-4,1784090919849,1784091185031,265.182,"2026-07-15 04:48:39","2026-07-15 04:53:05","4m 25s"
83,83,40,"Female",10,1784091448406,1784091707929,259.523,"2026-07-15 04:57:28","2026-07-15 05:01:47","4m 20s"
84,84,30,"Male",-5,1784091778011,1784092008777,230.766,"2026-07-15 05:02:58","2026-07-15 05:06:48","3m 51s"
85,85,35,"Female",-8,1784098505269,1784098862873,357.604,"2026-07-15 06:55:05","2026-07-15 07:01:02","5m 58s"
